{
    "downloader_host" : "http://127.0.0.1:8101/download",
    "redirector_host" : "http://127.0.0.1:8100/redirect",
    "filter_host" : "http://127.0.0.1:8200/filter",
    "config_host" : "127.0.0.1:8011",
    "postconfig_host" : "http://127.0.0.1:8011/crawler/config/json/postconf",
    "metaconfig_host" : "http://127.0.0.1:8011/crawler/config/json/meta",
    "graphite_host" : "10.181.10.25:8125",
    "page_per_minute" : 20,
    "download_timeout" : 60,
    "redirect_chan_num" : 20,
    "redirect_chan_size" : 50,
    "write_page_freq" : 300
}
