{
    "downloader_host" : "http://10.181.10.52:8301/download",
    "redirector_host" : "http://127.0.0.1:8100/redirect",
    "filter_host" : "http://127.0.0.1:8200/filter",
    "config_host" : "127.0.0.1:8311",
    "postconfig_host" : "http://127.0.0.1:8311/crawler/config/json/postconf",
    "metaconfig_host" : "http://127.0.0.1:8311/crawler/config/json/meta",
    "graphite_host" : "10.181.10.25:8125",
    "captcha_host" : "http://127.0.0.1:8900/captcha",
    "page_per_minute" : 20,
    "download_timeout" : 60,
    "redirect_chan_num" : 20,
    "redirect_chan_size" : 50,
    "write_page_freq" : 3000,
    "go_post_chans": 1,
    "day_log":"/data/crawler/log/postdl_day",
    "stat_log":"/data/crawler/log/postdl_capt_stat",
    "poststat_log":"/data/crawler/log/postdl_post_stat",
    "captcha_samples":"/data/crawler/log/captcha_succ_samples"
}
