[
    {
        "domain":"www.sgs.gov.cn",
        "header":{
            "Referer":"http://www.sgs.gov.cn/lz/etpsInfo.do?method=doSearch",
            "Host":"www.sgs.gov.cn",
            "Origin":"http://www.sgs.gov.cn"
        },
        "pages":{
            "index":"http://www.sgs.gov.cn",
            "captcha":"",
            "detail":"http://www.sgs.gov.cn/lz/etpsInfo.do?method=viewDetail",
            "other":""
        },
        "state_count":3,
        "state":[
            {
                "id":1,
                "url":"http://www.sgs.gov.cn/lz/etpsInfo.do?method=doSearch",
                "method":"POST",
                "params":{
                    "searchType":"1",
                    "pageNo":"@shgspage",
                    "keyWords":"@cname",
                    "period":"@cname"
                }
            },
            {
                "id":1,
                "url":"http://www.sgs.gov.cn/lz/etpsInfo.do?method=doSearch",
                "method":"POST",
                "params":{
                    "searchType":"2",
                    "pageNo":"@shgspage",
                    "keyWords":"@pid",
                    "period":"@pid"
                }
            },
            {
                "id":2,
                "url":"post:",
                "method":"WRITE",
                "params":{
                    
                }
            },
            {
                "id":3,
                "url":"post:",
                "method":"FAIL",
                "params":{
                    
                }
            }
        ],
        "sleepms":1500,
        "keyword":[
            "上海",
            "工商"
        ]
    }    
]